label,image,item-count,item-key
Zombie Unicorn,https://www.unicornsdatabase.com/imager/cards/1334/UU-Base-027-02_9e8899a18e56199d18893854bafc0314.jpg,1,type-5050ac23-a068-4084-af22-39f4065a0685
Summoning Ritual,https://www.unicornsdatabase.com/imager/cards/291/summoningritual_9e8899a18e56199d18893854bafc0314.jpg,1,type-6eb65f90-7ca5-4cdf-8128-df407e74a3b0
Extremely Fertile Unicorn/BeastMaster Unicorn/Nannycorn,https://www.unicornsdatabase.com/imager/cards/1298/UU-Base-084-02_9e8899a18e56199d18893854bafc0314.jpg,1,type-5f763e0f-98df-4b72-af37-a07b99838d78
Rainbow Mane,https://www.unicornsdatabase.com/imager/cards/280/rainbowmane_9e8899a18e56199d18893854bafc0314.jpg,1,type-036baafe-ab9b-4046-9e22-c37f8ef6f4e2
Double Dutch/Twin Unicorns,https://www.unicornsdatabase.com/imager/cards/256/doubledutch_9e8899a18e56199d18893854bafc0314.jpg,1,type-c2ca44be-2c85-42cf-8dba-c65e585dcfbc
Special Delivery,https://www.unicornsdatabase.com/imager/cards/1376/UU-Rain-014-02_9e8899a18e56199d18893854bafc0314.jpg,1,type-be70f31d-6354-46fb-a3d2-335840246f69
Nightmare Pact,https://www.unicornsdatabase.com/imager/cards/738/UU-Chao-090_9e8899a18e56199d18893854bafc0314.jpg,1,type-3fefad85-91e0-4370-bd7e-6957302891ed
Ginormous Unicorn,https://www.unicornsdatabase.com/imager/cards/260/ginormous_9e8899a18e56199d18893854bafc0314.jpg,1,type-76e95f36-4e21-4a5a-b9b0-5f386383d21e
Seductive Unicorn/Free Candy Unicorn/Naked Narwhal,https://www.unicornsdatabase.com/imager/cards/285/seductive_9e8899a18e56199d18893854bafc0314.jpg,1,type-e2fb69d6-f882-4af3-abe1-0f4796ef175d
First Mer-Mate Unicorn/Rainbow Unicorn,https://www.unicornsdatabase.com/imager/cards/1019/UU-Adv-013_9e8899a18e56199d18893854bafc0314.jpg,1,type-f7ae9506-9d8c-4df3-a9f4-c8805b6580d9
Stowaway Unicorn,https://www.unicornsdatabase.com/imager/cards/1034/UU-Adv-018_9e8899a18e56199d18893854bafc0314.jpg,1,type-be0cc062-c38c-4a66-be49-6b7dd1e9a6ee
The Great Baby Heist,https://www.unicornsdatabase.com/imager/cards/1055/UU-Adv-025_9e8899a18e56199d18893854bafc0314.jpg,1,type-2ffe6b2c-c18c-44c7-90b0-bf8759330fd2
Imitation?,https://www.unicornsdatabase.com/imager/cards/715/UU-Cntl-006_9e8899a18e56199d18893854bafc0314.jpg,1,type-165496f5-5d68-4b9f-820c-b69c1fe5b170
Mama Unicorn/Mother Goose Unicorn,https://www.unicornsdatabase.com/imager/cards/670/UU-ChCo-074_9e8899a18e56199d18893854bafc0314.jpg,1,type-852dacf3-79fa-44c8-911a-0697240be0b9
Totally Not Two Unicorns,https://www.unicornsdatabase.com/imager/cards/766/UU-ChCo-049_9e8899a18e56199d18893854bafc0314.jpg,1,type-acde189c-944a-44cd-9104-e165b15c1b21
Glitter Bomb,https://www.unicornsdatabase.com/imager/cards/261/glitterbomb_9e8899a18e56199d18893854bafc0314.jpg,1,type-a9cdcc94-355c-4c59-a7b6-a968ef7f05a7
Sniper Unicorn/Rhinocorn,https://www.unicornsdatabase.com/imager/cards/740/UU-Chao-061_9e8899a18e56199d18893854bafc0314.jpg,1,type-c17db900-37a9-4fb9-a12b-855d03b03829
Adorable Flying Unicorn,https://www.unicornsdatabase.com/imager/cards/1286/UU-Rain-010-02_9e8899a18e56199d18893854bafc0314.jpg,1,type-275a4e5a-74ff-4123-9329-87d8b2077683
Unicorn of Death,https://www.unicornsdatabase.com/imager/cards/1316/UU-Apoc-008-02_9e8899a18e56199d18893854bafc0314.jpg,1,type-b3f9d597-9be6-4917-9e3d-a46d8d318025
Unicorn Mafia/Stable Artillery,https://www.unicornsdatabase.com/imager/cards/721/UU-ChCo-097_9e8899a18e56199d18893854bafc0314.jpg,1,type-a113eec1-d775-447c-a996-aeaab14c5d53
Back Kick/Temporal Paradox/Mermaid Unicorn,https://www.unicornsdatabase.com/imager/cards/269/mermaid_9e8899a18e56199d18893854bafc0314.jpg,1,type-2c9f0673-eeb1-429a-a1f2-6cde661eb4ba
Shark with a Horn,https://www.unicornsdatabase.com/imager/cards/288/sharkwithahorn_9e8899a18e56199d18893854bafc0314.jpg,1,type-2649f250-944a-4c60-98bf-9e34b07a26dd
Stabby the Unicorn,https://www.unicornsdatabase.com/imager/cards/290/stabby_9e8899a18e56199d18893854bafc0314.jpg,1,type-415308ba-8d08-4b55-b47b-8eff4a7dbd43
Glowing Horn,https://www.unicornsdatabase.com/imager/cards/1043/UU-Adv-021_9e8899a18e56199d18893854bafc0314.jpg,1,type-c416dc6c-2be9-4b83-b0f9-a50d44663c22
Berserkercorn/Paladin Unicorn,https://www.unicornsdatabase.com/imager/cards/1432/UU-Lgnd-016_9e8899a18e56199d18893854bafc0314.jpg,1,type-c37df96f-e9d6-4c1d-bb07-498701fd48cb
Chain Lightning,https://www.unicornsdatabase.com/imager/cards/1447/UU-Lgnd-024_9e8899a18e56199d18893854bafc0314.jpg,1,type-ed085185-9c3c-4b9a-9e7b-7c1399d11097
Controlled Destruction,https://www.unicornsdatabase.com/imager/cards/770/UU-ChCo-045_9e8899a18e56199d18893854bafc0314.jpg,1,type-06d72d27-b4d1-4552-9b3d-dda7ded01d90
Mystical Vortex,https://www.unicornsdatabase.com/imager/cards/270/mysticalvortex_9e8899a18e56199d18893854bafc0314.jpg,1,type-e315619e-8729-4d5c-9e17-9fe425149d10
Llamacorn/Angry Dragoncorn,https://www.unicornsdatabase.com/imager/cards/1211/UU-Drag-015-03_9e8899a18e56199d18893854bafc0314.jpg,1,type-664a7421-5c96-4001-8665-d2bedfe81c7f
Spring Cleaning,https://www.unicornsdatabase.com/imager/cards/767/UU-ChCo-048_9e8899a18e56199d18893854bafc0314.jpg,1,type-ce2b8a2d-53e9-4b1b-a062-9a11a40c44d8
Glitter Tornado,https://www.unicornsdatabase.com/imager/cards/262/glittertornado_9e8899a18e56199d18893854bafc0314.jpg,1,type-d7c7dc1e-3b5d-4c17-8e08-2eeafb210195
Plague of Death/Warlock Unicorn/Unicorn of War,https://www.unicornsdatabase.com/imager/cards/1438/UU-Lgnd-013_9e8899a18e56199d18893854bafc0314.jpg,1,type-e0a96b0b-e506-4073-93fa-6f5e6d04aa42
Two-For-One,https://www.unicornsdatabase.com/imager/cards/297/twoforone_9e8899a18e56199d18893854bafc0314.jpg,1,type-b6989206-28eb-448e-b108-30699e377714
Fireball,https://www.unicornsdatabase.com/images/cards/UU-Lgnd-023.png,1,type-a41f688f-577a-45da-8608-dc07dde7718e
Prismatic Bray,https://www.unicornsdatabase.com/imager/cards/1456/UU-Lgnd-022_9e8899a18e56199d18893854bafc0314.jpg,1,type-ca558158-018f-4a72-a189-c9eb5b853892
Extremely Destructive Unicorn/Cult Leader Unicorn/Cotton Candy Llamacorn/Scaled Flying Unicorn,https://www.unicornsdatabase.com/imager/cards/921/UU-NSFW-017-04_9e8899a18e56199d18893854bafc0314.jpg,1,type-b42e4a3d-d5d1-4196-b7d2-4e7adc04e34b
Extra Tail,https://firebasestorage.googleapis.com/v0/b/playingcardsio.appspot.com/o/4fe6367d-a92a-43f3-81e9-0bad824ea01d.png?alt=media&token=78c398fd-e6cf-433d-b19d-b07f1dd86a7c,1,type-9da64710-4b04-4fa8-badc-7a28d43c914f
Extreme Adventurer Unicorn,https://www.unicornsdatabase.com/imager/cards/1013/UU-Adv-011_9e8899a18e56199d18893854bafc0314.jpg,1,type-e4869929-344b-41f2-881b-b0d28ad94f1c
Vagabond Unicorn,https://www.unicornsdatabase.com/imager/cards/1037/UU-Adv-019_9e8899a18e56199d18893854bafc0314.jpg,1,type-7c0c51d1-b047-46c1-977b-218ab9096263
Rainbow Sprinkles,https://www.unicornsdatabase.com/imager/cards/1373/UU-Rain-015-02_9e8899a18e56199d18893854bafc0314.jpg,1,type-817eea94-0fbf-44f3-8960-eba4043472d8
Change of Luck,https://www.unicornsdatabase.com/imager/cards/254/changeofluck_9e8899a18e56199d18893854bafc0314.jpg,1,type-6440f183-db5b-43f4-bbf5-154295a66147
Good Deal/Quid Pro Quo,https://www.unicornsdatabase.com/imager/cards/263/gooddeal_9e8899a18e56199d18893854bafc0314.jpg,1,type-b47a28e1-b92d-4217-aab7-b99e1eb8bc7b
Unfair Bargin,https://www.unicornsdatabase.com/imager/cards/298/unfairbargain_9e8899a18e56199d18893854bafc0314.jpg,1,type-c1d72a0e-3158-4d1e-9dd6-54b96284ae8e
Metal Detector,https://www.unicornsdatabase.com/imager/cards/1046/UU-Adv-022_9e8899a18e56199d18893854bafc0314.jpg,1,type-dc89bbae-0b53-4016-aea3-b01d2635d8a6
Hornswoggler Unicorn,https://www.unicornsdatabase.com/imager/cards/1025/UU-Adv-015_9e8899a18e56199d18893854bafc0314.jpg,1,type-64591d2c-bf3d-4aa6-9c1f-0589eecdb4bc
Magical Pugicorn?,https://www.unicornsdatabase.com/imager/cards/1310/UU-Rain-005-02_9e8899a18e56199d18893854bafc0314.jpg,1,type-d289cbd5-a39f-4c8c-a54a-5183e2dbcbc0
Divine Unicorn,https://www.unicornsdatabase.com/imager/cards/1419/UU-Lgnd-011_9e8899a18e56199d18893854bafc0314.jpg,1,type-61a218ec-90de-4812-96d8-34eeb722804c
Alluring Narwhal,https://www.unicornsdatabase.com/imager/cards/222/alluring_9e8899a18e56199d18893854bafc0314.jpg,1,type-6b7ab983-b13e-416e-97ba-6ec1b30c125c
Narwhal Torpedo,https://www.unicornsdatabase.com/imager/cards/272/narwhaltorpedo_9e8899a18e56199d18893854bafc0314.jpg,1,type-1bd9d77f-9002-4a50-9108-c1531afbf1aa
Chainsaw Unicorn,https://www.unicornsdatabase.com/imager/cards/253/chainsaw_9e8899a18e56199d18893854bafc0314.jpg,1,type-18d3b05f-9b64-42a1-abec-40d30742e6c4
Regifting Unicorn/White Elephantacorn,https://www.unicornsdatabase.com/imager/cards/671/UU-ChCo-086_9e8899a18e56199d18893854bafc0314.jpg,1,type-9c58a4d6-a77b-4f7a-8e91-aca9ea4f67ce
Reset Button/Dragon-Scorched Stables,https://www.unicornsdatabase.com/imager/cards/281/resetbutton_9e8899a18e56199d18893854bafc0314.jpg,1,type-0cdc5172-f9dc-4b9b-aca2-dbfbd881da76
Targeted Destruction/Dragon’s Fire/Raze the Stables,https://www.unicornsdatabase.com/imager/cards/294/targeteddestruction_9e8899a18e56199d18893854bafc0314.jpg,1,type-c33676cf-c8de-44ea-a1d0-7253aa446915
Bungee Jumping Unicorn,https://www.unicornsdatabase.com/imager/cards/1007/UU-Adv-009_9e8899a18e56199d18893854bafc0314.jpg,1,type-bd75658b-850a-4fda-9fa2-3d3acd6be9d9
Pillaging Pirate Unicorn,https://www.unicornsdatabase.com/imager/cards/1028/UU-Adv-016_9e8899a18e56199d18893854bafc0314.jpg,1,type-9de669ab-b709-449c-8342-bfefd84383c9
Survivalist Unicorn,https://www.unicornsdatabase.com/imager/cards/1040/UU-Adv-020_9e8899a18e56199d18893854bafc0314.jpg,1,type-4fa655a0-cc9a-43e3-873e-0d7ae6f6ecad
Cupcakes for Everyone,https://www.unicornsdatabase.com/imager/cards/1379/UU-Rain-016-02_9e8899a18e56199d18893854bafc0314.jpg,1,type-a44e863a-9bb9-479b-a729-bb13fb3f21e3
Dragon Rider Unicorn/Re-Target,https://www.unicornsdatabase.com/imager/cards/282/retarget_9e8899a18e56199d18893854bafc0314.jpg,1,type-56276b6d-65b5-46f8-baa0-1e4b9e0eafa1
Dragon’s Blessing,https://www.unicornsdatabase.com/imager/cards/397/dragonsblessing_9e8899a18e56199d18893854bafc0314.jpg,1,type-983e8460-a2b6-4629-b0b3-9fa61db1b5a5
Orcicorn Raider,https://www.unicornsdatabase.com/imager/cards/1429/UU-Lgnd-018_9e8899a18e56199d18893854bafc0314.jpg,1,type-a5d4ce1d-ee96-4550-9d16-eef19bc1ca25
Rogue Unicorn,https://www.unicornsdatabase.com/images/cards/UU-Lgnd-015.png,1,type-4c430353-00f5-4ee6-b4ce-1baeede704d0
Anti-Magic Bubble/Restricted Area,https://www.unicornsdatabase.com/images/cards/UU-ChCo-030.png,1,type-f11bd068-c2a4-4b9c-ada3-df0258b62e7b
Academicorn,https://www.unicornsdatabase.com/imager/cards/683/UU-ChCo-073_9e8899a18e56199d18893854bafc0314.jpg,1,type-8baef17a-e3ef-4679-ae05-2028a5a0544b
Destabilize,https://www.unicornsdatabase.com/imager/cards/716/UU-Cntl-005_9e8899a18e56199d18893854bafc0314.jpg,1,type-64971f0b-d477-42e3-9b02-31a07eb4dc58
Traffic Director Unicorn,https://www.unicornsdatabase.com/imager/cards/689/UU-ChCo-068_9e8899a18e56199d18893854bafc0314.jpg,1,type-3879f08c-4ddf-4502-8703-8d1c3b5382a1
Unicorn Mafia,https://www.unicornsdatabase.com/imager/cards/721/UU-ChCo-097_9e8899a18e56199d18893854bafc0314.jpg,1,type-17577111-ca9e-4e38-9969-7228ba4bc05d
Yoink!,https://www.unicornsdatabase.com/imager/cards/728/UU-ChCo-056_9e8899a18e56199d18893854bafc0314.jpg,1,type-2d20f8e7-d42d-4411-880f-b516bf763d66
Fishing Rod,https://www.unicornsdatabase.com/imager/cards/1061/UU-Adv-035_9e8899a18e56199d18893854bafc0314.jpg,1,type-1ee0378a-68fd-4e6b-8c6b-7a3bad832466
Unicorn Lasso,https://www.unicornsdatabase.com/imager/cards/299/unicornlasso_9e8899a18e56199d18893854bafc0314.jpg,1,type-37f78a4f-396a-417b-9675-fc6f54319559
Horny Flying Unicorn,https://www.unicornsdatabase.com/imager/cards/936/UU-NSFW-011-04_9e8899a18e56199d18893854bafc0314.jpg,1,type-d05d73cc-f012-456a-8d5c-5b6421677d2d
Unicorn Swap,https://www.unicornsdatabase.com/imager/cards/303/unicornswap_9e8899a18e56199d18893854bafc0314.jpg,1,type-cf9377c2-ea16-445b-a780-6c6fd732b1f1
Mysterious Compass,https://www.unicornsdatabase.com/imager/cards/1049/UU-Adv-023_9e8899a18e56199d18893854bafc0314.jpg,1,type-e6931372-441c-4f15-bf5f-fc39fa795d1f
Pit Covered in Leaves,https://www.unicornsdatabase.com/imager/cards/1076/UU-Adv-028_9e8899a18e56199d18893854bafc0314.jpg,1,type-ac1a4ee4-55b1-48cd-937f-af5049240215
Alignment Change,https://www.unicornsdatabase.com/imager/cards/1444/UU-Lgnd-021_9e8899a18e56199d18893854bafc0314.jpg,1,type-ca41303c-a480-4a88-99a1-35c9c7397786
Charming Bardicorn/Polyamorous Unicorn,https://www.unicornsdatabase.com/images/cards/UU-Lgnd-010.png,1,type-c004f3d3-6ce9-4d0b-830d-9fb18d087b10
Dominatrix Whip,https://www.unicornsdatabase.com/images/cards/UU-NSFW-021-04.png,1,type-538386bd-e11a-4af0-b495-cdf82069268d
Trojan Unicorn,https://www.unicornsdatabase.com/imager/cards/697/UU-ChCo-087_9e8899a18e56199d18893854bafc0314.jpg,1,type-41d064b5-bfa2-4f4c-8b2f-53a18f839bdc
Unicorn Trap,https://www.unicornsdatabase.com/imager/cards/759/UU-ChCo-055_9e8899a18e56199d18893854bafc0314.jpg,1,type-c5121567-da9f-4c19-8903-729b05488cd8
Americorn,https://www.unicornsdatabase.com/images/cards/americorn.png,1,type-5d49132b-4d1d-4f18-9665-3520f7f09cf3
Wall of Horns,https://www.unicornsdatabase.com/images/cards/UU-Lgnd-031.png,1,type-62970cd3-16d6-4358-983e-fe5dcb89e259
Pony Play?,https://www.unicornsdatabase.com/imager/cards/957/UU-NSFW-020-04_9e8899a18e56199d18893854bafc0314.jpg,1,type-a68bc5ad-3085-4f72-b996-8f291a39becf
Magical Flying Unicorn,https://www.unicornsdatabase.com/imager/cards/266/magicalflying_9e8899a18e56199d18893854bafc0314.jpg,1,type-2adfb8e5-8123-4412-88e4-a944828502ef
Majestic Flying Unicorn,https://www.unicornsdatabase.com/imager/cards/268/majesticflying_9e8899a18e56199d18893854bafc0314.jpg,1,type-8d8c12ca-7bca-4114-8418-af422b323c07
Unicorn Net,https://www.unicornsdatabase.com/imager/cards/1070/UU-Adv-038_9e8899a18e56199d18893854bafc0314.jpg,1,type-0933549d-3636-4094-bcc4-f4f9a3cfe7c7
Unicorn Shovel,https://www.unicornsdatabase.com/imager/cards/1058/UU-Adv-026_9e8899a18e56199d18893854bafc0314.jpg,1,type-9f5e8b69-e5ff-4c43-98ef-49e097f5a28e
Angel Unicorn,https://www.unicornsdatabase.com/imager/cards/1289/UU-Base-034-02_9e8899a18e56199d18893854bafc0314.jpg,1,type-659ee17d-55d8-42c0-aeb2-8a4b3a5cd1fc
Necromancy,https://www.unicornsdatabase.com/images/cards/UU-Lgnd-025.png,1,type-43ae8b74-7555-4bb6-ab35-ef143f8e4f20
Kittencorn Burgular?,https://www.unicornsdatabase.com/imager/cards/741/UU-Chao-044_9e8899a18e56199d18893854bafc0314.jpg,1,type-ac42a1e2-7ec3-49f6-822a-3863b39581ff
Nightmare’s Conjuring,https://www.unicornsdatabase.com/imager/cards/742/UU-Chao-043_9e8899a18e56199d18893854bafc0314.jpg,1,type-a5f7ba4b-044f-45d1-8cd9-36d87ac95d28
Rainbow Aura,https://www.unicornsdatabase.com/imager/cards/279/rainbowaura_9e8899a18e56199d18893854bafc0314.jpg,1,type-620418ba-22f0-4f99-90cb-687926ba0b5c
Unicorn Survival Kit,https://www.unicornsdatabase.com/imager/cards/1082/UU-Adv-030_9e8899a18e56199d18893854bafc0314.jpg,1,type-53c9ee0d-81bb-4cf6-82e9-440037b931d1
Dragon Protection,https://www.unicornsdatabase.com/imager/cards/1262/UU-Drag-017-03_9e8899a18e56199d18893854bafc0314.jpg,1,type-b7e9394e-11de-4f58-94b3-5aa0ad29c8e4
Dragon Slayer Unicorn,https://www.unicornsdatabase.com/imager/cards/1217/UU-Drag-003-03_9e8899a18e56199d18893854bafc0314.jpg,1,type-0ef98806-71f3-4ce5-aa97-c3b873d05eb5
Unicorn Bribe,https://www.unicornsdatabase.com/imager/cards/787/UU-Cntl-090_9e8899a18e56199d18893854bafc0314.jpg,1,type-284a9396-b575-4c35-8a11-a7fb53ebed12
Magical Kittencorn,https://www.unicornsdatabase.com/imager/cards/1307/UU-Base-023-V_9e8899a18e56199d18893854bafc0314.jpg,1,type-e11d6f9b-040f-4ddc-b07d-c2b5cbc84a91
Unicorn Phoenix,https://www.unicornsdatabase.com/imager/cards/1328/UU-Base-041-SE_9e8899a18e56199d18893854bafc0314.jpg,1,type-975ee4d0-da66-4a2d-abb4-e41d77977ddc
Black Knight Unicorn,https://www.unicornsdatabase.com/imager/cards/249/blackknight_9e8899a18e56199d18893854bafc0314.jpg,1,type-75b5bb69-5b54-4217-be17-f5808845fdf8
Elficorn Scout,https://www.unicornsdatabase.com/images/cards/UU-Lgnd-014.png,1,type-faddaf5e-eea9-4a98-a980-e45e8480139e
Straight But Curious Unicorn,https://www.unicornsdatabase.com/imager/cards/918/UU-NSFW-012-04_9e8899a18e56199d18893854bafc0314.jpg,1,type-785e90fa-9638-4090-8d29-eb38b56396ce
Fortune Teller Unicorn,https://www.unicornsdatabase.com/imager/cards/679/UU-ChCo-078_9e8899a18e56199d18893854bafc0314.jpg,1,type-24fa3e97-d297-4459-ab7c-af9b5f8393b2
Unicorn Prophet,https://www.unicornsdatabase.com/imager/cards/684/UU-ChCo-088_9e8899a18e56199d18893854bafc0314.jpg,1,type-7df6c4b1-4697-43a3-99b9-ce4e90cc8334
Foresight,https://www.unicornsdatabase.com/imager/cards/726/UU-ChCo-092_9e8899a18e56199d18893854bafc0314.jpg,1,type-0dd14cfe-5e12-49dd-9d0f-73f3ede58a33
Barbed Wire,https://www.unicornsdatabase.com/imager/cards/240/barbedwire_9e8899a18e56199d18893854bafc0314.jpg,1,type-1d5bd368-55d5-43f6-88b2-45e8f81fb40c
Unicorn Overboard,https://www.unicornsdatabase.com/imager/cards/1094/UU-Adv-034_9e8899a18e56199d18893854bafc0314.jpg,1,type-ee4259cb-d45a-4608-8c90-86b2daa34a36
Sadistic Ritual,https://www.unicornsdatabase.com/imager/cards/284/sadisticritual_9e8899a18e56199d18893854bafc0314.jpg,1,type-052c2899-9bb6-4524-bfd8-8f289e2a6bde
Dragon Skies/Unicorn Abduction,https://www.unicornsdatabase.com/imager/cards/778/UU-ChCo-035_9e8899a18e56199d18893854bafc0314.jpg,1,type-8029b156-74ca-43fe-ac36-5a7e32e14271
Extremely Small Backpack/Unicorn Tax,https://www.unicornsdatabase.com/imager/cards/705/UU-Cntl-027_9e8899a18e56199d18893854bafc0314.jpg,1,type-425d1ebb-b504-4c3c-9e50-fa1e0c4f162a
Dragon’s Curse,https://www.unicornsdatabase.com/imager/cards/400/dragonscurse_9e8899a18e56199d18893854bafc0314.jpg,1,type-835d1922-564d-49da-80ab-028d25895a10
Dragon’s Misfortune,https://www.unicornsdatabase.com/imager/cards/1268/UU-Drag-021_9e8899a18e56199d18893854bafc0314.jpg,1,type-5919a44f-9b3b-4220-ac74-ef3c36a573c5
Hex,https://www.unicornsdatabase.com/images/cards/UU-Lgnd-028.png,1,type-64050b1f-cc65-4791-81f1-f99d7be58a7f
Autoerotic Asphyxiation,https://www.unicornsdatabase.com/imager/cards/966/UU-NSFW-023-04_9e8899a18e56199d18893854bafc0314.jpg,1,type-8b4d14c9-2454-41ee-baa9-d0ba1ee4f996
Toll Booth,https://www.unicornsdatabase.com/imager/cards/730/UU-Chao-027_9e8899a18e56199d18893854bafc0314.jpg,1,type-8e7679ee-bdbb-4730-a0b6-302e1bbba399
Super Neigh,https://www.unicornsdatabase.com/imager/cards/788/UU-ChCo-001_9e8899a18e56199d18893854bafc0314.jpg,1,type-435a50a6-ac8b-48fe-a93e-8657e9c7bd4c
Slowdown,https://www.unicornsdatabase.com/imager/cards/289/slowdown_9e8899a18e56199d18893854bafc0314.jpg,1,type-9117ba49-3d4c-4811-bdb2-ff1a4964e319
Yay,https://www.unicornsdatabase.com/imager/cards/305/yay_9e8899a18e56199d18893854bafc0314.jpg,1,type-f6952c1a-49ba-4dac-8511-d268c3ebf6ab
Hypnocorn?,https://www.unicornsdatabase.com/imager/cards/702/UU-Cntl-061_9e8899a18e56199d18893854bafc0314.jpg,1,type-15890dd5-2013-419b-a077-fbc1b9ded84a
Objection?,https://www.unicornsdatabase.com/imager/cards/714/UU-ChCo-091_9e8899a18e56199d18893854bafc0314.jpg,1,type-6566ae01-0792-471e-8005-cbd1d536c5ad
Wrecking Ball Unicorn,https://www.unicornsdatabase.com/imager/cards/676/UU-ChCo-081_9e8899a18e56199d18893854bafc0314.jpg,1,type-b9211fab-111b-4a98-a91a-708713ed7a77
Unwind and Rewind,https://www.unicornsdatabase.com/imager/cards/718/UU-Cntl-003_9e8899a18e56199d18893854bafc0314.jpg,1,type-71d5f895-38d6-4d56-b6bb-441f11ea20c5
Flare Gun/Unicorn Nap/Unicorn Hangover,https://www.unicornsdatabase.com/imager/cards/1064/UU-Adv-036_9e8899a18e56199d18893854bafc0314.jpg,1,type-ed52d03e-65e1-44e8-8c91-b09189e3fedb
A Cute Attack,https://firebasestorage.googleapis.com/v0/b/playingcardsio.appspot.com/o/90074e1c-2138-4bb5-8d8a-603ca9b96563.png?alt=media&token=22202f52-73f0-4df5-81cd-66e810f669d6,1,type-cd873073-4044-4a82-a291-b475eae792f7
Dragon’s Fortune,https://www.unicornsdatabase.com/imager/cards/1259/UU-Drag-020-03_9e8899a18e56199d18893854bafc0314.jpg,1,type-2a4390b4-4cb7-4e2b-9830-ad354eff6a9a
Critical Hit,https://www.unicornsdatabase.com/imager/cards/1471/UU-Lgnd-029_9e8899a18e56199d18893854bafc0314.jpg,1,type-da7ed2cf-820e-43be-8f16-ed1aae9415e2
Unicorn of Pestilence,https://www.unicornsdatabase.com/imager/cards/1322/UU-Apoc-009-02_9e8899a18e56199d18893854bafc0314.jpg,1,type-ade46183-47bd-4dc3-9e7f-d2b2600469db
Aborb and Reflect,https://firebasestorage.googleapis.com/v0/b/playingcardsio.appspot.com/o/25742d98-8842-4b6d-9404-153e15ba2624.png?alt=media&token=bf6c6cc2-84c2-4133-8a4a-dd08b435f253,1,type-f0577d4d-ebc8-4d75-8cec-1907e92269b7
Bulletproof Vest?,https://www.unicornsdatabase.com/imager/cards/717/UU-Cntl-004_9e8899a18e56199d18893854bafc0314.jpg,1,type-9a9aa6b4-9f72-46c2-b983-70588af67b46
Intervention?,https://www.unicornsdatabase.com/imager/cards/753/UU-Chao-006_9e8899a18e56199d18893854bafc0314.jpg,1,type-53262c72-151b-45a6-ae4c-1833dfe23796
Parallel Universeicorn?,https://www.unicornsdatabase.com/imager/cards/673/UU-ChCo-084_9e8899a18e56199d18893854bafc0314.jpg,1,type-3684bcc3-3760-4874-a9b3-297fb5f5f00b
Redirect?,https://www.unicornsdatabase.com/imager/cards/754/UU-Chao-005_9e8899a18e56199d18893854bafc0314.jpg,1,type-9355e377-6b1a-4718-88e8-1d94b92af5dc
Pandamonium/Catastrophe/Otter Devastation,https://www.unicornsdatabase.com/imager/cards/274/pandamonium_9e8899a18e56199d18893854bafc0314.jpg,1,type-e12ca01e-06d5-440d-b458-c3198b93930f
The Black Spot/Uneaten Fruitcake,https://www.unicornsdatabase.com/imager/cards/1178/UU-Xmas-028_9e8899a18e56199d18893854bafc0314.jpg,1,type-bc3aff07-4619-445d-88a7-14649804ce22
Ugly Holiday Sweater,https://www.unicornsdatabase.com/imager/cards/1166/UU-Xmas-024_9e8899a18e56199d18893854bafc0314.jpg,1,type-1e29eef4-d07b-4116-9c9e-43cb206fe09f
Unicorn Caroler,https://www.unicornsdatabase.com/imager/cards/1139/UU-Xmas-015_9e8899a18e56199d18893854bafc0314.jpg,1,type-0a9b2276-0daa-454d-ab80-c2a064213a6c
Unicorn of Betrayal,https://www.unicornsdatabase.com/imager/cards/739/UU-Chao-062_9e8899a18e56199d18893854bafc0314.jpg,1,type-ce6335ce-407d-48e8-b024-84a630e75183
Unicorn of Charity,https://www.unicornsdatabase.com/imager/cards/701/UU-Cntl-062_9e8899a18e56199d18893854bafc0314.jpg,1,type-4c02a61c-8f4d-46e8-adb3-3e495fc98b54
Unicorn on the Cob,https://www.unicornsdatabase.com/imager/cards/300/unicornonthecob_9e8899a18e56199d18893854bafc0314.jpg,1,type-b352e3d5-b364-440c-b57b-c52f60c1e8c7
Unicorn Rainbow Princess,https://www.unicornsdatabase.com/imager/cards/1331/UU-Rain-008-02_9e8899a18e56199d18893854bafc0314.jpg,1,type-2a20d95d-8500-4928-af57-5ea5bb246008
Winter Wondercorn,https://www.unicornsdatabase.com/imager/cards/1145/UU-Xmas-017_9e8899a18e56199d18893854bafc0314.jpg,1,type-e3ac1e96-bb37-4c24-8db7-e50f28a8e1d3
Neigh,https://www.unicornsdatabase.com/imager/cards/1157/UU-Xmas-021_9e8899a18e56199d18893854bafc0314.jpg,26,type-d9edd02d-3933-425a-9c0e-f1c25f4d4643
Basic Unicorn 1,https://firebasestorage.googleapis.com/v0/b/playingcardsio.appspot.com/o/745355f5-253d-4e77-b9bc-03c891e055f3.png?alt=media&token=587c9813-01eb-49ab-8e2a-f6eb0ffc0285,4,type-a358156f-475b-4247-8380-921fb9c773ca
Basic Unicorn 2,https://www.unicornsdatabase.com/images/cards/UU-Lgnd-006.png,4,type-db82d68b-65a8-42f2-978d-625893fb3e14
Basic Unicorn 3,https://www.unicornsdatabase.com/images/cards/UU-Drag-002-03.png,4,type-3c4c74de-1fc8-42ad-918a-686ac4b0ec78
Basic Unicorn 4,https://www.unicornsdatabase.com/images/cards/UU-Rain-003-02.png,4,type-4f7c2262-c6c7-4dc0-a3b4-1288fe2e4a1a
Basic Unicorn 5,https://www.unicornsdatabase.com/images/cards/UU-Adv-008.png,4,type-77638ab6-dd37-450c-9b56-db588ba4c629
Basic Unicorn 6,https://www.unicornsdatabase.com/images/cards/UU-ChCo-037.png,4,type-e207077e-47c3-497b-8c22-c4eefc3cdaf8
Basic Unicorn 7,https://www.unicornsdatabase.com/images/cards/basicnarwhal.jpg,4,type-481cc5e4-6a85-4a93-a654-62802532fb47
Basic Unicorn 8,https://www.unicornsdatabase.com/images/cards/UU-Adv-007.png,4,type-f9bf77fc-046e-411c-b19e-b0eb4e1e586c
Basic Unicorn 9,https://www.unicornsdatabase.com/images/cards/UU-ChCo-041.png,4,type-618bc646-3ec4-478c-bfae-74a0a6e26067
